"Df","Sum Sq","Mean Sq","F value","Pr(>F)"
"Pipeline   ",2,3682.66666666667,1841.33333333333,47.3485714285714,0.000211544776677699
"Residuals  ",6,233.333333333334,38.8888888888889,NA,NA
