"Df","Sum Sq","Mean Sq","F value","Pr(>F)"
"Pipeline   ",2,548.222222222222,274.111111111111,41.8135593220339,0.000300009803594631
"Residuals  ",6,39.3333333333334,6.55555555555556,NA,NA
