"Df","Sum Sq","Mean Sq","F value","Pr(>F)"
"Pipeline   ",2,44.6666666666667,22.3333333333333,10.05,0.0121487677353026
"Residuals  ",6,13.3333333333333,2.22222222222222,NA,NA
