"Pipeline","n","mean","sd"
"8K",3,5.33333333333333,2.3094010767585
"DT",3,1.66666666666667,1.15470053837925
"MM",3,0,0
