"Pipeline","n","mean","sd"
"8K",3,12,3
"DT",3,19.6666666666667,3.21455025366432
"MM",3,0.666666666666667,0.577350269189626
