"Pipeline","n","mean","sd"
"8K",3,50,10
"DT",3,21.3333333333333,4.04145188432738
"MM",3,0.666666666666667,0.577350269189626
