"Pipeline","n","mean","sd"
"8K",3,30,3
"DT",3,22.3333333333333,3.21455025366432
"MM",3,41.3333333333333,0.577350269189626
