"Df","Sum Sq","Mean Sq","F value","Pr(>F)"
"Sequencing.Depth                      ",4,4.86666666666667,1.21666666666667,1.10606060606061,0.381077933166135
"Evenness.distribution                 ",1,2.13333333333333,2.13333333333333,1.93939393939394,0.179024417679366
"Sequencing.Depth:Evenness.distribution",4,0.866666666666669,0.216666666666667,0.196969696969697,0.937055294953076
"Residuals                             ",20,22,1.1,NA,NA
