"","Df","Sum Sq","Mean Sq","F value","Pr(>F)"
"Pipeline                                       ",2,2544.06666666667,1272.03333333333,138.599273607748,3.22082157093081e-23
"Evenness.distribution                          ",1,317.344444444444,317.344444444444,34.5774818401937,1.94549978571852e-07
"Sequencing.Depth                               ",4,349.044444444444,87.2611111111111,9.50786924939467,5.07304137324533e-06
"Pipeline:Evenness.distribution                 ",2,62.9555555555556,31.4777777777778,3.42978208232446,0.0388714977073417
"Pipeline:Sequencing.Depth                      ",8,686.155555555556,85.7694444444445,9.34533898305085,2.88904596155593e-08
"Evenness.distribution:Sequencing.Depth         ",4,95.711111111111,23.9277777777777,2.60714285714285,0.0444472490944909
"Pipeline:Evenness.distribution:Sequencing.Depth",8,96.1555555555553,12.0194444444444,1.30962469733656,0.256261343703026
"Residuals                                      ",60,550.666666666667,9.17777777777778,NA,NA
