"","Df","Sum Sq","Mean Sq","F value","Pr(>F)"
"Pipeline                                            ",2,808.962962962964,404.481481481482,65.7891566265061,5.61869490243162e-17
"Evenness.distribution                               ",3,370.88888888889,123.62962962963,20.1084337349398,1.43280786743431e-09
"Taxonomy.distribution                               ",2,21.2407407407406,10.6203703703703,1.7274096385542,0.185028434454395
"Pipeline:Evenness.distribution                      ",6,16.2222222222223,2.70370370370371,0.43975903614458,0.849859434502164
"Pipeline:Taxonomy.distribution                      ",4,26.2592592592594,6.56481481481485,1.06777108433736,0.378824022044283
"Evenness.distribution:Taxonomy.distribution         ",6,170.166666666667,28.3611111111111,4.61295180722892,0.000511974303283475
"Pipeline:Evenness.distribution:Taxonomy.distribution",12,51.2222222222224,4.26851851851853,0.694277108433738,0.751696183160846
"Residuals                                           ",72,442.666666666666,6.14814814814814,NA,NA
