"","Df","Sum Sq","Mean Sq","F value","Pr(>F)"
"Pipeline                                       ",2,182.866666666667,91.4333333333333,19.6396181384248,2.74653212426417e-07
"Evenness.distribution                          ",1,13.6111111111111,13.6111111111111,2.9236276849642,0.0924587067868384
"Sequencing.Depth                               ",4,13.4888888888889,3.37222222222222,0.72434367541766,0.578755610220314
"Pipeline:Evenness.distribution                 ",2,11.0888888888889,5.54444444444444,1.1909307875895,0.311019480536902
"Pipeline:Sequencing.Depth                      ",8,22.2444444444444,2.78055555555555,0.5972553699284,0.776348880559078
"Evenness.distribution:Sequencing.Depth         ",4,9.66666666666667,2.41666666666667,0.51909307875895,0.721985300660026
"Pipeline:Evenness.distribution:Sequencing.Depth",8,9.8,1.225,0.263126491646778,0.975326024348728
"Residuals                                      ",60,279.333333333333,4.65555555555556,NA,NA
