"","Df","Sum Sq","Mean Sq","F value","Pr(>F)"
"Pipeline                                       ",2,15588.4222222222,7794.2111111111,184.940416556815,2.20848805842885e-26
"Evenness.distribution                          ",1,828.1,828.1,19.649090429739,4.02522922936165e-05
"Sequencing.Depth                               ",4,584.044444444444,146.011111111111,3.46453994199842,0.0130025513330419
"Pipeline:Evenness.distribution                 ",2,88.2000000000002,44.1000000000001,1.04640126548906,0.357519432446007
"Pipeline:Sequencing.Depth                      ",8,937.355555555556,117.169444444444,2.78018718692328,0.0110086377247706
"Evenness.distribution:Sequencing.Depth         ",4,156.177777777778,39.0444444444444,0.926443448457684,0.454707891389814
"Pipeline:Evenness.distribution:Sequencing.Depth",8,96.0222222222223,12.0027777777778,0.284800949116794,0.968517573092847
"Residuals                                      ",60,2528.66666666667,42.1444444444445,NA,NA
