"","Df","Sum Sq","Mean Sq","F value","Pr(>F)"
"Pipeline                                            ",2,808.962962962962,404.481481481481,65.7891566265059,5.61869490243198e-17
"Evenness.distribution                               ",3,370.888888888889,123.62962962963,20.1084337349398,1.43280786743437e-09
"Taxonomy.distribution                               ",2,21.2407407407408,10.6203703703704,1.72740963855422,0.185028434454392
"Pipeline:Evenness.distribution                      ",6,16.2222222222222,2.7037037037037,0.439759036144577,0.849859434502166
"Pipeline:Taxonomy.distribution                      ",4,26.2592592592592,6.5648148148148,1.06777108433735,0.378824022044287
"Evenness.distribution:Taxonomy.distribution         ",6,170.166666666667,28.3611111111111,4.61295180722892,0.000511974303283483
"Pipeline:Evenness.distribution:Taxonomy.distribution",12,51.2222222222222,4.26851851851852,0.694277108433735,0.751696183160849
"Residuals                                           ",72,442.666666666667,6.14814814814815,NA,NA
