"Df","Sum Sq","Mean Sq","F value","Pr(>F)"
"Taxonomy.distribution                      ",2,3.16666666666666,1.58333333333333,0.159663865546218,0.853328235017418
"Evenness.distribution                      ",3,194.972222222222,64.9907407407407,6.55368814192343,0.00215067604168609
"Taxonomy.distribution:Evenness.distribution",6,94.6111111111111,15.7685185185185,1.59010270774977,0.1932233092982
"Residuals                                  ",24,238,9.91666666666667,NA,NA
