"Df","Sum Sq","Mean Sq","F value","Pr(>F)"
"Taxonomy.distribution                      ",2,1.16666666666667,0.583333333333333,0.567567567567568,0.574328286838255
"Evenness.distribution                      ",3,1.77777777777778,0.592592592592592,0.576576576576577,0.635991034212586
"Taxonomy.distribution:Evenness.distribution",6,2.38888888888889,0.398148148148148,0.387387387387388,0.87978458770861
"Residuals                                  ",24,24.6666666666667,1.02777777777778,NA,NA
