"Df","Sum Sq","Mean Sq","F value","Pr(>F)"
"Taxonomy.distribution                      ",2,7.72222222222221,3.86111111111111,0.617777777777777,0.547495381049352
"Evenness.distribution                      ",3,119.666666666667,39.8888888888889,6.38222222222222,0.00246400116508528
"Taxonomy.distribution:Evenness.distribution",6,101.833333333333,16.9722222222222,2.71555555555556,0.0371022640407416
"Residuals                                  ",24,150,6.25,NA,NA
