"Df","Sum Sq","Mean Sq","F value","Pr(>F)"
"Taxonomy.distribution                      ",2,10.7222222222222,5.36111111111112,0.865470852017938,0.433577493300384
"Evenness.distribution                      ",3,168.222222222222,56.074074074074,9.05231689088191,0.00034476248936275
"Taxonomy.distribution:Evenness.distribution",6,83.2777777777777,13.8796296296296,2.2406576980568,0.0738665227794617
"Residuals                                  ",24,148.666666666667,6.19444444444444,NA,NA
