"","Df","Sum Sq","Mean Sq","F value","Pr(>F)"
"Taxonomy.distribution                      ",2,16.7222222222222,8.36111111111111,1.04513888888889,0.367105139685269
"Evenness.distribution                      ",3,68.1111111111111,22.7037037037037,2.83796296296296,0.0593285310817781
"Taxonomy.distribution:Evenness.distribution",6,28.3888888888889,4.73148148148148,0.591435185185184,0.733952277097869
"Residuals                                  ",24,192,8,NA,NA
