"","Df","Sum Sq","Mean Sq","F value","Pr(>F)"
"Taxonomy.distribution                      ",2,551.055555555555,275.527777777778,2.46312391358331,0.106421571525552
"Evenness.distribution                      ",3,1517.19444444444,505.731481481481,4.52106613690919,0.0119268218421263
"Taxonomy.distribution:Evenness.distribution",6,728.722222222222,121.453703703704,1.08575449052231,0.398793541767
"Residuals                                  ",24,2684.66666666667,111.861111111111,NA,NA
