"","Df","Sum Sq","Mean Sq","F value","Pr(>F)"
"Taxonomy.distribution                      ",2,8.66666666666672,4.33333333333336,0.575645756457568,0.569916735224213
"Evenness.distribution                      ",3,125.111111111111,41.7037037037037,5.53997539975399,0.00491244287725748
"Taxonomy.distribution:Evenness.distribution",6,123.555555555556,20.5925925925926,2.73554735547356,0.0360580215663754
"Residuals                                  ",24,180.666666666667,7.52777777777778,NA,NA
